{"cameraMode":{"drawMode":0,"name":"Shaded","section":"Shading Mode"},"sceneLighting":false,"audioPlay":false,"sceneViewState":{"showFog":true,"showMaterialUpdate":false,"showSkybox":true,"showFlares":true,"showImageEffects":true,"showParticleSystems":true},"in2DMode":false,"pivot":{"x":-3.7649953365325929,"y":-1.309999942779541,"z":-4.079995632171631},"rotation":{"x":0.24318572878837586,"y":-0.4858406186103821,"z":0.14281338453292848,"w":0.827299177646637},"size":22.01664161682129,"orthographic":true}