{"cameraMode":{"drawMode":0,"name":"Shaded","section":"Shading Mode"},"sceneLighting":false,"audioPlay":false,"sceneViewState":{"showFog":true,"showMaterialUpdate":false,"showSkybox":true,"showFlares":true,"showImageEffects":true,"showParticleSystems":true},"in2DMode":false,"pivot":{"x":0.0,"y":0.7017497420310974,"z":-0.02116680145263672},"rotation":{"x":-0.32233932614326479,"y":-0.20918411016464234,"z":0.07326687127351761,"w":-0.9203104972839356},"size":3.8973889350891115,"orthographic":true}