{"cameraMode":{"drawMode":0,"name":"Shaded","section":"Shading Mode"},"sceneLighting":true,"audioPlay":false,"sceneViewState":{"showFog":true,"showMaterialUpdate":false,"showSkybox":true,"showFlares":true,"showImageEffects":true,"showParticleSystems":true},"in2DMode":false,"pivot":{"x":-47.58088302612305,"y":0.5859375,"z":0.9626988768577576},"rotation":{"x":0.24318572878837586,"y":-0.4858406186103821,"z":0.14281338453292848,"w":0.827299177646637},"size":24.384550094604493,"orthographic":true}