{"cameraMode":{"drawMode":0,"name":"Shaded","section":"Shading Mode"},"sceneLighting":false,"audioPlay":false,"sceneViewState":{"showFog":true,"showMaterialUpdate":false,"showSkybox":true,"showFlares":true,"showImageEffects":true,"showParticleSystems":true},"in2DMode":false,"pivot":{"x":-65.36358642578125,"y":24.041305541992189,"z":0.5543594360351563},"rotation":{"x":0.21960784494876862,"y":0.39184680581092837,"z":-0.09688838571310044,"w":0.8881673216819763},"size":466.7681884765625,"orthographic":true}